State	Year	Quarter	Payment_Type	Transaction_Count	Amount
State	2018	1	Recharge & bill payments	72550406	14472713559
State	2018	1	Peer-to-peer payments	46982705	1.47246E+11
State	2018	1	Merchant payments	5368669	4656678915
State	2018	1	Financial Services	3762820	815853105.1
State	2018	1	Others	5761576	4643217301
State	2018	2	Recharge & bill payments	92033715	24351225616
State	2018	2	Peer-to-peer payments	74558816	2.64768E+11
State	2018	2	Merchant payments	10613941	9052859939
State	2018	2	Financial Services	5186569	1176991419
State	2018	2	Others	4973199	5027454207
State	2018	3	Peer-to-peer payments	202021587	4.25967E+11
State	2018	3	Recharge & bill payments	102290514	31364311860
State	2018	3	Merchant payments	25175938	12433150985
State	2018	3	Financial Services	6218596	891447809.4
State	2018	3	Others	5594554	4449556278
State	2018	4	Peer-to-peer payments	200235002	5.94996E+11
State	2018	4	Recharge & bill payments	131917248	39578607327
State	2018	4	Merchant payments	71498510	30497289208
State	2018	4	Financial Services	5216165	868584631.6
State	2018	4	Others	8246415	5802659774
State	2019	1	Peer-to-peer payments	404841331	8.87893E+11
State	2019	1	Recharge & bill payments	180504739	55473071029
State	2019	1	Merchant payments	110496541	40575915113
State	2019	1	Financial Services	4627353	603852042
State	2019	1	Others	8526177	5484252455
State	2019	2	Peer-to-peer payments	384711008	1.19643E+12
State	2019	2	Recharge & bill payments	209898072	76865848587
State	2019	2	Merchant payments	206467182	73415840740
State	2019	2	Financial Services	2650384	545329308.1
State	2019	2	Others	11656557	6969423864
State	2019	3	Peer-to-peer payments	461911865	1.44051E+12
State	2019	3	Merchant payments	376320628	1.23209E+11
State	2019	3	Recharge & bill payments	240103872	1.01521E+11
State	2019	3	Financial Services	2870292	617120839.9
State	2019	3	Others	13804992	6705143104
State	2019	4	Peer-to-peer payments	703497002	1.96395E+12
State	2019	4	Merchant payments	456578271	1.7424E+11
State	2019	4	Recharge & bill payments	285310032	1.16345E+11
State	2019	4	Financial Services	2476840	551204225.4
State	2019	4	Others	12583379	4811822510
State	2020	1	Peer-to-peer payments	693998661	2.32056E+12
State	2020	1	Merchant payments	566355270	2.31298E+11
State	2020	1	Recharge & bill payments	351300991	1.40374E+11
State	2020	1	Financial Services	1358171	773848137
State	2020	1	Others	10027019	4116905196
State	2020	2	Peer-to-peer payments	631031364	2.24392E+12
State	2020	2	Recharge & bill payments	448842692	1.71591E+11
State	2020	2	Merchant payments	363275861	2.26908E+11
State	2020	2	Financial Services	1682062	1751767444
State	2020	2	Others	3779461	1987466180
State	2020	3	Peer-to-peer payments	916790263	3.28705E+12
State	2020	3	Merchant payments	672019839	4.05291E+11
State	2020	3	Recharge & bill payments	436172619	2.04262E+11
State	2020	3	Financial Services	2531978	2673063433
State	2020	3	Others	5541374	2789907564
State	2020	4	Peer-to-peer payments	1249512647	4.47455E+12
State	2020	4	Merchant payments	1127490136	6.84874E+11
State	2020	4	Recharge & bill payments	479784084	2.27876E+11
State	2020	4	Financial Services	2942567	3259168196
State	2020	4	Others	9556404	5323095366
State	2021	1	Merchant payments	1467948823	8.44467E+11
State	2021	1	Peer-to-peer payments	1447600942	5.17086E+12
State	2021	1	Recharge & bill payments	530118545	2.60182E+11
State	2021	1	Financial Services	3075296	3573884779
State	2021	1	Others	8851525	5199901892
State	2021	2	Peer-to-peer payments	1744272888	6.16317E+12
State	2021	2	Merchant payments	1499626469	1.00353E+12
State	2021	2	Recharge & bill payments	685024821	3.00559E+11
State	2021	2	Financial Services	3397384	3651996523
State	2021	2	Others	9061732	5598131365
State	2021	3	Merchant payments	2316924871	1.42697E+12
State	2021	3	Peer-to-peer payments	2215575286	7.42936E+12
State	2021	3	Recharge & bill payments	714583744	3.49235E+11
State	2021	3	Financial Services	3112160	4043342762
State	2021	3	Others	13558464	7146868847
State	2021	4	Merchant payments	3152394530	1.99586E+12
State	2021	4	Peer-to-peer payments	2716561423	9.20391E+12
State	2021	4	Recharge & bill payments	738096162	4.07267E+11
State	2021	4	Financial Services	4141629	5028434834
State	2021	4	Others	14562602	9296993479
State	2022	1	Merchant payments	3748851071	2.27282E+12
State	2022	1	Peer-to-peer payments	3074250150	1.05059E+13
State	2022	1	Recharge & bill payments	749674246	4.476E+11
State	2022	1	Financial Services	4035100	4921211866
State	2022	1	Others	16393502	8422766458
State	2022	2	Merchant payments	4765203787	2.8471E+12
State	2022	2	Peer-to-peer payments	3506141323	1.21235E+13
State	2022	2	Recharge & bill payments	845751926	5.23046E+11
State	2022	2	Financial Services	3272822	3889787480
State	2022	2	Others	11241480	6711034131
State	2022	3	Merchant payments	5618132071	3.15161E+12
State	2022	3	Peer-to-peer payments	3957113406	1.28378E+13
State	2022	3	Recharge & bill payments	956164949	6.07049E+11
State	2022	3	Financial Services	3959631	4514223164
State	2022	3	Others	10005043	6725900103
State	2022	4	Merchant payments	6565690145	3.6736E+12
State	2022	4	Peer-to-peer payments	4459859921	1.45789E+13
State	2022	4	Recharge & bill payments	991049281	6.49777E+11
State	2022	4	Financial Services	4623387	5360528394
State	2022	4	Others	10013085	7361492607
State	2023	1	Merchant payments	7205999708	3.74599E+12
State	2023	1	Peer-to-peer payments	4792478560	1.59249E+13
State	2023	1	Recharge & bill payments	1076952638	8.29953E+11
State	2023	1	Financial Services	4884759	5673343900
State	2023	1	Others	10259195	7571900579
State	2023	2	Merchant payments	8529595637	4.27782E+12
State	2023	2	Peer-to-peer payments	5374546962	1.77228E+13
State	2023	2	Recharge & bill payments	1190947064	9.04759E+11
State	2023	2	Financial Services	5195942	6364033676
State	2023	2	Others	9341245	6919677602
State	2023	3	Merchant payments	9868299757	4.68694E+12
State	2023	3	Peer-to-peer payments	5929662466	1.83427E+13
State	2023	3	Recharge & bill payments	1229068434	9.67695E+11
State	2023	3	Financial Services	6273522	8553479441
State	2023	3	Others	8491944	6397985054
State	2023	4	Merchant payments	11107996161	5.41967E+12
State	2023	4	Peer-to-peer payments	6643982862	2.05338E+13
State	2023	4	Recharge & bill payments	1247192050	1.07751E+12
State	2023	4	Financial Services	7517384	9998159518
State	2023	4	Others	8651416	6391200449
State	2024	1	Merchant payments	12520741960	5.96244E+12
State	2024	1	Peer-to-peer payments	7335480797	2.23275E+13
State	2024	1	Recharge & bill payments	1365204965	1.15034E+12
State	2024	1	Financial Services	7419656	11806228360
State	2024	1	Others	8290191	6518078355
State	2024	2	Merchant payments	14634736361	6.80094E+12
State	2024	2	Peer-to-peer payments	7929923251	2.38178E+13
State	2024	2	Recharge & bill payments	1443979969	1.17903E+12
State	2024	2	Financial Services	8865844	14501331707
State	2024	2	Others	8700101	8229697142
State	2024	3	Merchant payments	15826083595	7.13249E+12
State	2024	3	Peer-to-peer payments	8566984108	2.39639E+13
State	2024	3	Recharge & bill payments	1409788062	1.22478E+12
State	2024	3	Financial Services	10798565	17450358563
State	2024	3	Others	7361054	8309733368
State	2024	4	Merchant payments	17419191808	8.08143E+12
State	2024	4	Peer-to-peer payments	9368204284	2.66339E+13
State	2024	4	Recharge & bill payments	1392529171	1.25597E+12
State	2024	4	Financial Services	32113340	18162331751
India	2024	4	Others	7217236	9369386297

